2,https://uavcoach.com/drone-companies/
3,https://www.terra-drone.net/global/
4,https://www.prodrone.com/jp/
5,https://www.businessinsider.com/drone-manufacturers-companies-invest-stocks
6,https://www.dji.com/
7,https://dronerush.com/drone-manufacturers-9830/
8,https://www.dronedeploy.com/
9,https://ssl.japan-drone.com/en_la/
10,https://www.precisionhawk.com/
11,https://www.aerialtronics.com/
12,https://asia.nikkei.com/Business/Business-trends/Japan-set-to-give-domestic-drone-industry-a-lift2
13,https://www.aerialtronics.com/
14,https://money.usnews.com/investing/stock-market-news/slideshows/drone-stocks-to-consider-as-the-technology-soars
15,https://www.airoboticsdrones.com/jp/
16,https://ali.jp/business/cate3/
17,https://www.drone-j.com/
18,https://flightsinc.jp/en/
19,https://www.kindai.ac.jp/files/rd/research-center/management-innovation/kindai-management-review/vol5_6.pdf
20,https://www.embention.com/company/
21,https://dronelife.com/
22,https://www.azurdrones.com/
23,https://wingcopter.com/
24,https://delair.aero/
25,https://www.measure.com/
26,https://www.thebalancesmb.com/best-drone-business-ideas-4125154
27,https://www.dpreview.com/news/9052564107/chinese-drone-company-dji-added-us-economic-blacklist
28,https://www.blue-i.co.jp/en/
29,https://drone-the-world.com/service/sky-business/
30,https://www.airmap.com/
31,https://www.reuters.com/article/usa-china-drone/u-s-adding-chinese-drone-company-dji-to-economic-blacklist-official-idUSKBN28S24I
32,https://www.snet.co.jp/en/drone/
33,https://www.linkedin.com/company/dutch-drone-company
34,https://www.eubusinessinjapan.eu/sites/default/files/drone_market_in_japan.pdf
35,https://droneii.com/top-20-lists
36,http://www.drone-business.jp/
37,https://www3.nhk.or.jp/nhkworld/en/news/20201220_02/
38,https://elistair.com/
39,https://uavfactory.com/
40,https://www.theverge.com/2020/12/23/22193660/us-government-dji-drone-entity-list-export-ban-effects
41,http://www.hitachi.co.jp/drone/en/
2,https://uavcoach.com/drone-companies/
3,https://www.terra-drone.net/global/
4,https://www.prodrone.com/jp/
5,https://www.businessinsider.com/drone-manufacturers-companies-invest-stocks
6,https://www.dji.com/
7,https://dronerush.com/drone-manufacturers-9830/
8,https://www.dronedeploy.com/
9,https://ssl.japan-drone.com/en_la/
10,https://www.precisionhawk.com/
12,https://asia.nikkei.com/Business/Business-trends/Japan-set-to-give-domestic-drone-industry-a-lift2
13,https://www.aerialtronics.com/
14,https://money.usnews.com/investing/stock-market-news/slideshows/drone-stocks-to-consider-as-the-technology-soars
15,https://www.airoboticsdrones.com/jp/
16,https://ali.jp/business/cate3/
17,https://www.drone-j.com/
18,https://flightsinc.jp/en/
19,https://www.kindai.ac.jp/files/rd/research-center/management-innovation/kindai-management-review/vol5_6.pdf
20,https://www.embention.com/company/
21,https://www.azurdrones.com/
22,https://wingcopter.com/
23,https://delair.aero/
24,https://www.measure.com/
25,https://www.thebalancesmb.com/best-drone-business-ideas-4125154
26,https://www.dpreview.com/news/9052564107/chinese-drone-company-dji-added-us-economic-blacklist
27,https://www.blue-i.co.jp/en/
28,https://drone-the-world.com/service/sky-business/
29,https://www.airmap.com/
30,https://www.reuters.com/article/usa-china-drone/u-s-adding-chinese-drone-company-dji-to-economic-blacklist-official-idUSKBN28S24I
31,https://www.snet.co.jp/en/drone/
32,https://dronelife.com/
33,https://www.linkedin.com/company/dutch-drone-company
34,https://www.eubusinessinjapan.eu/sites/default/files/drone_market_in_japan.pdf
35,https://droneii.com/top-20-lists
36,http://www.drone-business.jp/
37,https://www3.nhk.or.jp/nhkworld/en/news/20201220_02/
38,https://elistair.com/
39,https://uavfactory.com/
40,https://www.theverge.com/2020/12/23/22193660/us-government-dji-drone-entity-list-export-ban-effects
41,http://www.hitachi.co.jp/drone/en/
2,https://uavcoach.com/drone-companies/
3,https://www.terra-drone.net/global/
4,https://www.prodrone.com/jp/
5,https://www.businessinsider.com/drone-manufacturers-companies-invest-stocks
6,https://www.dji.com/
7,https://dronerush.com/drone-manufacturers-9830/
8,https://www.dronedeploy.com/
9,https://ssl.japan-drone.com/en_la/
10,https://www.precisionhawk.com/
12,https://asia.nikkei.com/Business/Business-trends/Japan-set-to-give-domestic-drone-industry-a-lift2
13,https://www.aerialtronics.com/
14,https://money.usnews.com/investing/stock-market-news/slideshows/drone-stocks-to-consider-as-the-technology-soars
15,https://www.airoboticsdrones.com/jp/
16,https://ali.jp/business/cate3/
17,https://www.drone-j.com/
18,https://flightsinc.jp/en/
19,https://www.kindai.ac.jp/files/rd/research-center/management-innovation/kindai-management-review/vol5_6.pdf
20,https://www.embention.com/company/
21,https://www.azurdrones.com/
22,https://wingcopter.com/
23,https://delair.aero/
24,https://www.measure.com/
25,https://www.thebalancesmb.com/best-drone-business-ideas-4125154
26,https://www.dpreview.com/news/9052564107/chinese-drone-company-dji-added-us-economic-blacklist
27,https://www.blue-i.co.jp/en/
28,https://drone-the-world.com/service/sky-business/
29,https://www.airmap.com/
30,https://www.reuters.com/article/usa-china-drone/u-s-adding-chinese-drone-company-dji-to-economic-blacklist-official-idUSKBN28S24I
31,https://www.snet.co.jp/en/drone/
32,https://dronelife.com/
33,https://www.linkedin.com/company/dutch-drone-company
34,https://www.eubusinessinjapan.eu/sites/default/files/drone_market_in_japan.pdf
35,https://droneii.com/top-20-lists
36,http://www.drone-business.jp/
37,https://www3.nhk.or.jp/nhkworld/en/news/20201220_02/
38,https://elistair.com/
39,https://uavfactory.com/
40,https://www.theverge.com/2020/12/23/22193660/us-government-dji-drone-entity-list-export-ban-effects
41,http://www.hitachi.co.jp/drone/en/
2,https://uavcoach.com/drone-companies/
3,https://www.terra-drone.net/global/
4,https://www.prodrone.com/jp/
5,https://www.businessinsider.com/drone-manufacturers-companies-invest-stocks
6,https://www.dji.com/
7,https://dronerush.com/drone-manufacturers-9830/
8,https://www.dronedeploy.com/
9,https://ssl.japan-drone.com/en_la/
10,https://www.precisionhawk.com/
12,https://asia.nikkei.com/Business/Business-trends/Japan-set-to-give-domestic-drone-industry-a-lift2
13,https://www.aerialtronics.com/
14,https://money.usnews.com/investing/stock-market-news/slideshows/drone-stocks-to-consider-as-the-technology-soars
15,https://www.airoboticsdrones.com/jp/
16,https://ali.jp/business/cate3/
17,https://www.drone-j.com/
18,https://flightsinc.jp/en/
19,https://www.kindai.ac.jp/files/rd/research-center/management-innovation/kindai-management-review/vol5_6.pdf
20,https://www.embention.com/company/
21,https://dronelife.com/
22,https://www.azurdrones.com/
23,https://wingcopter.com/
24,https://delair.aero/
25,https://www.measure.com/
26,https://www.thebalancesmb.com/best-drone-business-ideas-4125154
27,https://www.dpreview.com/news/9052564107/chinese-drone-company-dji-added-us-economic-blacklist
28,https://www.blue-i.co.jp/en/
29,https://drone-the-world.com/service/sky-business/
30,https://www.airmap.com/
31,https://www.reuters.com/article/usa-china-drone/u-s-adding-chinese-drone-company-dji-to-economic-blacklist-official-idUSKBN28S24I
32,https://www.snet.co.jp/en/drone/
33,https://www.linkedin.com/company/dutch-drone-company
34,https://www.eubusinessinjapan.eu/sites/default/files/drone_market_in_japan.pdf
35,https://droneii.com/top-20-lists
36,http://www.drone-business.jp/
37,https://www3.nhk.or.jp/nhkworld/en/news/20201220_02/
38,https://elistair.com/
39,https://uavfactory.com/
40,https://www.theverge.com/2020/12/23/22193660/us-government-dji-drone-entity-list-export-ban-effects
41,http://www.hitachi.co.jp/drone/en/
2,https://uavcoach.com/drone-companies/
3,https://www.terra-drone.net/global/
4,https://www.prodrone.com/jp/
5,https://www.businessinsider.com/drone-manufacturers-companies-invest-stocks
6,https://www.dji.com/
7,https://dronerush.com/drone-manufacturers-9830/
8,https://www.dronedeploy.com/
9,https://www.precisionhawk.com/
10,https://asia.nikkei.com/Business/Business-trends/Japan-set-to-give-domestic-drone-industry-a-lift2
12,https://www.airoboticsdrones.com/jp/
13,https://money.usnews.com/investing/stock-market-news/slideshows/drone-stocks-to-consider-as-the-technology-soars
14,https://www.kindai.ac.jp/files/rd/research-center/management-innovation/kindai-management-review/vol5_6.pdf
15,https://ssl.japan-drone.com/en_la/
16,https://www.aerialtronics.com/
17,https://ali.jp/business/cate3/
18,https://flightsinc.jp/en/
19,https://www.drone-j.com/
20,https://jp.reuters.com/article/usa-china-drone/u-s-adds-chinese-drone-company-dji-to-economic-blacklist-idUSKBN28S24I
21,https://www.embention.com/company/
22,https://dronelife.com/
23,https://startup-db.com/en/companies/5264/terra-drone
24,https://www.azurdrones.com/
25,https://jdrone.tokyo/
26,https://wingcopter.com/
27,https://delair.aero/
28,https://www.snet.co.jp/en/drone/
29,https://www.thebalancesmb.com/best-drone-business-ideas-4125154
30,https://www.dpreview.com/news/9052564107/chinese-drone-company-dji-added-us-economic-blacklist
31,https://www.techno-drone.com/work/?lang=ch
32,https://www.blue-i.co.jp/en/
33,https://www.measure.com/
34,https://www.yuneec.com/
35,http://www.drone-business.jp/
36,https://drone-the-world.com/service/sky-business/
37,https://www.eubusinessinjapan.eu/sites/default/files/drone_market_in_japan.pdf
38,https://uavfactory.com/
39,https://www.theverge.com/2020/12/23/22193660/us-government-dji-drone-entity-list-export-ban-effects
40,https://www3.nhk.or.jp/nhkworld/en/news/20201220_02/
41,https://droneii.com/top-20-lists
2,https://uavcoach.com/drone-companies/
3,https://www.terra-drone.net/global/
4,https://www.prodrone.com/jp/
5,https://www.businessinsider.com/drone-manufacturers-companies-invest-stocks
6,https://www.dji.com/
7,https://dronerush.com/drone-manufacturers-9830/
8,https://www.dronedeploy.com/
9,https://www.precisionhawk.com/
10,https://asia.nikkei.com/Business/Business-trends/Japan-set-to-give-domestic-drone-industry-a-lift2
12,https://money.usnews.com/investing/stock-market-news/slideshows/drone-stocks-to-consider-as-the-technology-soars
13,https://www.airoboticsdrones.com/jp/
14,https://www.aerialtronics.com/
15,https://ali.jp/business/cate3/
16,https://flightsinc.jp/en/
17,https://ssl.japan-drone.com/en_la/
18,https://www.embention.com/company/
19,https://www.kindai.ac.jp/files/rd/research-center/management-innovation/kindai-management-review/vol5_6.pdf
20,https://dronelife.com/
21,https://wingcopter.com/
22,https://startup-db.com/en/companies/5264/terra-drone
23,https://jp.reuters.com/article/usa-china-drone/u-s-adding-chinese-drone-company-dji-to-economic-blacklist-official-idUSL1N2IY1FR
24,https://www.azurdrones.com/
25,https://www.thebalancesmb.com/best-drone-business-ideas-4125154
26,https://delair.aero/
27,https://www.drone-j.com/
28,https://www.amazon.co.jp/Guide-Drone-Maintenance-How-Airworthiness/dp/1980413339
29,https://www.snet.co.jp/en/drone/
30,https://www.dpreview.com/news/9052564107/chinese-drone-company-dji-added-us-economic-blacklist
31,https://www.blue-i.co.jp/en/
32,https://www.measure.com/
33,https://www.yuneec.com/
34,https://www.theverge.com/2020/12/23/22193660/us-government-dji-drone-entity-list-export-ban-effects
35,https://uavfactory.com/
36,https://drone-the-world.com/service/sky-business/
37,https://droneii.com/top-20-lists
38,https://www.linkedin.com/company/dutch-drone-company
39,https://elistair.com/
40,https://www.flyability.com/
41,https://www.arsa.co.jp/
2,https://uavcoach.com/drone-companies/
3,https://www.terra-drone.net/global/
4,https://www.prodrone.com/jp/
5,https://www.businessinsider.com/drone-manufacturers-companies-invest-stocks
6,https://www.dji.com/
7,https://dronerush.com/drone-manufacturers-9830/
8,https://www.dronedeploy.com/
9,https://ssl.japan-drone.com/en_la/
10,https://www.precisionhawk.com/
12,https://asia.nikkei.com/Business/Business-trends/Japan-set-to-give-domestic-drone-industry-a-lift2
13,https://www.aerialtronics.com/
14,https://money.usnews.com/investing/stock-market-news/slideshows/drone-stocks-to-consider-as-the-technology-soars
15,https://ali.jp/business/cate3/
16,https://www.airoboticsdrones.com/jp/
17,https://flightsinc.jp/en/
18,https://www.kindai.ac.jp/files/rd/research-center/management-innovation/kindai-management-review/vol5_6.pdf
19,https://www.embention.com/company/
20,https://dronelife.com/
21,https://startup-db.com/en/companies/5264/terra-drone
22,https://www.drone-j.com/
23,https://www.azurdrones.com/
24,https://wingcopter.com/
25,https://jdrone.tokyo/
26,https://delair.aero/
27,https://www.thebalancesmb.com/best-drone-business-ideas-4125154
28,https://www.theverge.com/2020/12/23/22193660/us-government-dji-drone-entity-list-export-ban-effects
29,https://www.dpreview.com/news/9052564107/chinese-drone-company-dji-added-us-economic-blacklist
30,https://www.blue-i.co.jp/en/
31,https://www.measure.com/
32,https://www.yuneec.com/
33,https://drone-the-world.com/service/sky-business/
34,http://www.drone-business.jp/
35,https://www.eubusinessinjapan.eu/sites/default/files/drone_market_in_japan.pdf
36,https://www.snet.co.jp/en/drone/
37,https://www.airmap.com/
38,https://www.reuters.com/article/usa-china-drone/u-s-adding-chinese-drone-company-dji-to-economic-blacklist-official-idUSKBN28S24I
39,https://uavfactory.com/
40,https://droneii.com/top-20-lists
41,https://www.linkedin.com/company/dutch-drone-company
2,https://uavcoach.com/drone-companies/
3,https://www.terra-drone.net/global/
4,https://www.prodrone.com/jp/
5,https://www.businessinsider.com/drone-manufacturers-companies-invest-stocks
6,https://www.dji.com/
7,https://dronerush.com/drone-manufacturers-9830/
8,https://www.dronedeploy.com/
9,https://www.precisionhawk.com/
10,https://asia.nikkei.com/Business/Business-trends/Japan-set-to-give-domestic-drone-industry-a-lift2
12,https://www.aerialtronics.com/
13,https://money.usnews.com/investing/stock-market-news/slideshows/drone-stocks-to-consider-as-the-technology-soars
14,https://www.airoboticsdrones.com/jp/
15,https://ssl.japan-drone.com/en_la/
16,https://ali.jp/business/cate3/
17,https://www.kindai.ac.jp/files/rd/research-center/management-innovation/kindai-management-review/vol5_6.pdf
18,https://flightsinc.jp/en/
19,https://www.embention.com/company/
20,https://www.drone-j.com/
21,https://startup-db.com/en/companies/5264/terra-drone
22,https://jp.reuters.com/article/usa-china-drone/u-s-adding-chinese-drone-company-dji-to-economic-blacklist-official-idUSL1N2IY1FR
23,https://www.azurdrones.com/
24,https://wingcopter.com/
25,https://www.theverge.com/2020/12/23/22193660/us-government-dji-drone-entity-list-export-ban-effects
26,https://delair.aero/
27,https://www.thebalancesmb.com/best-drone-business-ideas-4125154
28,https://www.snet.co.jp/en/drone/
29,https://www.dpreview.com/news/9052564107/chinese-drone-company-dji-added-us-economic-blacklist
30,https://www.blue-i.co.jp/en/
31,https://www.measure.com/
32,https://www.yuneec.com/
33,https://drone-the-world.com/service/sky-business/
34,http://www.drone-business.jp/
35,https://www.eubusinessinjapan.eu/sites/default/files/drone_market_in_japan.pdf
36,https://uavfactory.com/
37,https://dronelife.com/
38,https://droneii.com/top-20-lists
39,https://www.linkedin.com/company/dutch-drone-company
40,https://www.amazon.co.jp/Guide-Drone-Operations-How-Procedure-ebook/dp/B079WP91YS
41,https://elistair.com/
2,https://uavcoach.com/drone-companies/
3,https://www.terra-drone.net/global/
4,https://www.prodrone.com/jp/
5,https://www.businessinsider.com/drone-manufacturers-companies-invest-stocks
6,https://www.dji.com/
7,https://dronerush.com/drone-manufacturers-9830/
8,https://www.dronedeploy.com/
9,https://ssl.japan-drone.com/en_la/
10,https://www.precisionhawk.com/
12,https://asia.nikkei.com/Business/Business-trends/Japan-set-to-give-domestic-drone-industry-a-lift2
13,https://www.aerialtronics.com/
14,https://money.usnews.com/investing/stock-market-news/slideshows/drone-stocks-to-consider-as-the-technology-soars
15,https://ali.jp/business/cate3/
16,https://www.airoboticsdrones.com/jp/
17,https://flightsinc.jp/en/
18,https://www.kindai.ac.jp/files/rd/research-center/management-innovation/kindai-management-review/vol5_6.pdf
19,https://www.embention.com/company/
20,https://dronelife.com/
21,https://startup-db.com/en/companies/5264/terra-drone
22,https://www.drone-j.com/
23,https://www.azurdrones.com/
24,https://wingcopter.com/
25,https://jdrone.tokyo/
26,https://delair.aero/
27,https://www.thebalancesmb.com/best-drone-business-ideas-4125154
28,https://www.theverge.com/2020/12/23/22193660/us-government-dji-drone-entity-list-export-ban-effects
29,https://www.dpreview.com/news/9052564107/chinese-drone-company-dji-added-us-economic-blacklist
30,https://www.blue-i.co.jp/en/
31,https://www.measure.com/
32,https://www.yuneec.com/
33,https://drone-the-world.com/service/sky-business/
34,http://www.drone-business.jp/
35,https://www.eubusinessinjapan.eu/sites/default/files/drone_market_in_japan.pdf
36,https://www.snet.co.jp/en/drone/
37,https://www.airmap.com/
38,https://www.reuters.com/article/usa-china-drone/u-s-adding-chinese-drone-company-dji-to-economic-blacklist-official-idUSKBN28S24I
39,https://uavfactory.com/
40,https://droneii.com/top-20-lists
41,https://www.linkedin.com/company/dutch-drone-company
6,https://www.dji.com/
32,https://www.yuneec.com/
